"provider","run_id","status","turns","total_tokens","prefill_ms_turn_1","prefill_ms_subsequent_mean","winner","final_answer"
"anthropic","0","success","3","6272","","","user","Here is the TODO count for each markdown file:  | File | TODO Count | TODO Markers Found | |---|---|---| | `file_1.md` | **2** | Review circuit breaker thresholds; Wire up Prometheus exporter | | `file_2.md` | **3** | Resolve schema migration conflict; Tune autovacuum settings; Schedule G1GC tuning session | | `file_3.md` | **1** | Define retention policy for preference-change audit logs | | `file_4.md` | **0** | *(none)* | | `file_5.md` | **4** | Write integration tests for dead-letter channel;"
"anthropic","1","success","3","6357","","","user","Here are the TODO marker counts for each markdown file:  | File | TODO Count | TODO Markers Found | |---|---|---| | `file_1.md` | **2** | Review circuit breaker thresholds; Wire up Prometheus exporter | | `file_2.md` | **3** | Resolve schema migration conflict; Tune autovacuum settings; Schedule G1GC tuning session | | `file_3.md` | **1** | Define retention policy for preference-change audit logs | | `file_4.md` | **0** | *(none)* | | `file_5.md` | **4** | Write integration tests for dead-letter"
"anthropic","2","success","3","6178","","","user","Here are the TODO marker counts for each markdown file:  | File | TODO Count | TODO Markers | |---|---|---| | `file_1.md` | **2** | Review circuit breaker thresholds; Wire up Prometheus exporter | | `file_2.md` | **3** | Resolve schema migration conflict; Tune autovacuum settings; Schedule G1GC tuning session | | `file_3.md` | **1** | Define retention policy for preference-change audit logs | | `file_4.md` | **0** | *(none)* | | `file_5.md` | **4** | Write integration tests for dead-letter chann"
"anthropic","3","success","3","6184","","","user","Here are the TODO marker counts for each markdown file:  | File | TODO Count | TODO Markers Found | |---|---|---| | `file_1.md` | **2** | Review circuit breaker thresholds; Wire up Prometheus exporter | | `file_2.md` | **3** | Resolve schema migration conflict; Tune autovacuum settings; Schedule G1GC tuning session | | `file_3.md` | **1** | Define retention policy for preference-change audit logs | | `file_4.md` | **0** | *(none)* | | `file_5.md` | **4** | Write integration tests for dead-letter"
"anthropic","4","success","3","6357","","","user","Here are the TODO marker counts for each markdown file:  | File | TODO Count | TODO Markers Found | |---|---|---| | `file_1.md` | **2** | Review circuit breaker thresholds; Wire up Prometheus exporter | | `file_2.md` | **3** | Resolve schema migration conflict; Tune autovacuum settings; Schedule G1GC tuning session | | `file_3.md` | **1** | Define retention policy for preference-change audit logs | | `file_4.md` | **0** | *(none)* | | `file_5.md` | **4** | Write integration tests for dead-letter"
"anthropic","5","success","3","6219","","","user","Here are the results after scanning all 5 markdown files for `TODO` markers:  | File | TODO Count | TODO Details | |---|---|---| | `file_1.md` | **2** | Review circuit breaker thresholds; Wire up Prometheus exporter | | `file_2.md` | **3** | Resolve schema migration conflict; Tune autovacuum settings; Schedule G1GC tuning session | | `file_3.md` | **1** | Define retention policy for preference-change audit logs | | `file_4.md` | **0** | *(no TODOs found)* | | `file_5.md` | **4** | Write integrat"
"anthropic","6","success","3","6356","","","user","Here is the TODO count for each markdown file:  | File | TODO Count | TODO Markers Found | |---|---|---| | `file_1.md` | **2** | Review circuit breaker thresholds; Wire up Prometheus exporter | | `file_2.md` | **3** | Resolve schema migration conflict; Tune autovacuum settings; Schedule G1GC tuning session | | `file_3.md` | **1** | Define retention policy for preference-change audit logs | | `file_4.md` | **0** | *(none)* | | `file_5.md` | **4** | Write integration tests for dead-letter channel;"
"anthropic","7","success","3","6356","","","user","Here is the TODO count for each markdown file:  | File | TODO Count | TODO Markers Found | |---|---|---| | `file_1.md` | **2** | Review circuit breaker thresholds; Wire up Prometheus exporter | | `file_2.md` | **3** | Resolve schema migration conflict; Tune autovacuum settings; Schedule G1GC tuning session | | `file_3.md` | **1** | Define retention policy for preference-change audit logs | | `file_4.md` | **0** | *(none)* | | `file_5.md` | **4** | Write integration tests for dead-letter channel;"
"anthropic","8","success","3","6304","","","user","Here is the TODO count for each markdown file:  | File | TODO Count | TODO Markers Found | |---|---|---| | `file_1.md` | **2** | Review circuit breaker thresholds; Wire up Prometheus exporter | | `file_2.md` | **3** | Resolve schema migration conflict; Tune autovacuum settings; Schedule G1GC tuning session | | `file_3.md` | **1** | Define retention policy for preference-change audit logs | | `file_4.md` | **0** | *(none)* | | `file_5.md` | **4** | Write integration tests for dead-letter channel;"
"anthropic","9","success","3","6356","","","user","Here is the TODO count for each markdown file:  | File | TODO Count | TODO Markers Found | |---|---|---| | `file_1.md` | **2** | Review circuit breaker thresholds; Wire up Prometheus exporter | | `file_2.md` | **3** | Resolve schema migration conflict; Tune autovacuum settings; Schedule G1GC tuning session | | `file_3.md` | **1** | Define retention policy for preference-change audit logs | | `file_4.md` | **0** | *(none)* | | `file_5.md` | **4** | Write integration tests for dead-letter channel;"
"anthropic","10","success","3","6272","","","user","Here is the TODO count for each markdown file:  | File | TODO Count | TODO Markers Found | |---|---|---| | `file_1.md` | **2** | Review circuit breaker thresholds; Wire up Prometheus exporter | | `file_2.md` | **3** | Resolve schema migration conflict; Tune autovacuum settings; Schedule G1GC tuning session | | `file_3.md` | **1** | Define retention policy for preference-change audit logs | | `file_4.md` | **0** | *(none)* | | `file_5.md` | **4** | Write integration tests for dead-letter channel;"
"anthropic","11","success","3","6379","","","user","Here are the TODO marker counts for each markdown file:  | File | TODO Count | TODO Markers Found | |---|---|---| | `file_1.md` | **2** | Review circuit breaker thresholds; Wire up Prometheus exporter | | `file_2.md` | **3** | Resolve schema migration conflict; Tune autovacuum settings; Schedule G1GC tuning session | | `file_3.md` | **1** | Define retention policy for preference-change audit logs | | `file_4.md` | **0** | *(none)* | | `file_5.md` | **4** | Write integration tests for dead-letter"
